CountryCode,Name,Population
ESP,A CoruÃ±a (La CoruÃ±a),243402
Mazar-e-Sharif,AFG,127800
Namibe,AGO,118200
Luanda,AGO,2022000
al-Ayn,ARE,225970
Escobar,ARG,116675
General San MartÃ­n,ARG,422542
Mar del Plata,ARG,512880
Florencio Varela,ARG,315432
Mendoza,ARG,123027
La Rioja,ARG,138117
Quilmes,ARG,559249
San Salvador de Jujuy,ARG,178748
Santa FÃ©,ARG,353063
San Miguel,ARG,248700
Posadas,ARG,201273
Resistencia,ARG,229212
Ezeiza,ARG,99578
Malvinas Argentinas,ARG,290335
San Fernando,ARG,153036
La Matanza,ARG,1266461
Yerevan,ARM,1248700
Tafuna,ASM,5200
Saint JohnÂ´s,ATG,24000
Perth,AUS,1096829
Hobart,AUS,126118
Newcastle,AUS,270324
Sydney,AUS,3276207
Salzburg,AUT,144247
Wien,AUT,1608144
MingÃ¤Ã§evir,AZE,93900
Baku,AZE,1787800
CAN,Abbotsford,105403
GBR,Aberdeen,213070
JPN,Abiko,126670
ARE,Abu Dhabi,398695
AUS,Adelaide,978100
IND,Adoni,136182
IND,Aizawl,155240
JPN,Aizuwakamatsu,119287
ARE,Ajman,114395
JPN,Akishima,106914
JPN,Akita,314440
IND,Akola,328034
BRA,Alagoinhas,126820
ESP,AlcalÃ¡ de Henares,164463
ESP,Alicante [Alacant],272432
IND,Allappuzha (Alleppey),174666
KAZ,Almaty,1129400
ARG,Almirante Brown,538918
BRA,Alvorada,175574
IND,Alwar,205086
JPN,Amagasaki,481434
IND,Ambala,122596
IND,Ambala Sadar,90712
IDN,Ambon,249312
JOR,Amman,1000000
IRN,Amol,159092
CHN,Amoy [Xiamen],627500
IND,Amravati,421576
NLD,Amsterdam,731200
ITA,Ancona,98329
IRN,Andimeshk,106923
ITA,Andria,94443
PHL,Angeles,263971
JPN,Anjo,153823
CHN,Ankang,142170
CHN,Anqing,250718
JPN,Aomori,295969
CHN,Aqsu,164092
KAZ,Aqtau,143400
BRA,Araguari,98399
BRA,AraguaÃ­na,114948
IRN,Arak,380755
BRA,Arapiraca,178988
BRA,Araras,101046
PHL,Arayat,101792
IRN,Ardebil,340386
IND,Arrah (Ara),157082
JPN,Asahikawa,364813
JPN,Asaka,114815
ISR,Ashdod,155800
ERI,Asmara,431000
EGY,Assuan,219017
KAZ,Astana,311200
EGY,Asyut,343498
COK,Avarua,11900
ARG,Avellaneda,353046
Namur,BEL,105419
Antwerpen,BEL,446525
Bruxelles [Brussel],BEL,133859
Cotonou,BEN,536827
Parakou,BEN,103577
Bobo-Dioulasso,BFA,300000
Saidpur,BGD,96777
Pabna,BGD,103277
Chittagong,BGD,1392860
Brahmanbaria,BGD,109032
Nawabganj,BGD,130577
Narayanganj,BGD,202134
Tungi,BGD,168702
Ruse,BGR,166467
Sofija,BGR,1122302
Sliven,BGR,105530
Zenica,BIH,96027
Brest,BLR,286000
Novopolotsk,BLR,106000
Santa Cruz de la Sierra,BOL,935361
Cochabamba,BOL,482800
Tarija,BOL,125255
Birigui,BRA,94685
Colatina,BRA,107354
Itaituba,BRA,101320
SÃ£o Vicente,BRA,286848
Joinville,BRA,428011
Nova IguaÃ§u,BRA,862225
Rio de Janeiro,BRA,5598953
Embu,BRA,222223
Foz do IguaÃ§u,BRA,259425
MaracanaÃº,BRA,162022
Campos dos Goytacazes,BRA,398418
Teixeira de Freitas,BRA,108441
CodÃ³,BRA,103153
Novo Hamburgo,BRA,239940
Moji-GuaÃ§u,BRA,123782
VitÃ³ria,BRA,270626
Juazeiro,BRA,201073
BagÃ©,BRA,120793
Castanhal,BRA,127634
Cabo de Santo Agostinho,BRA,149964
Piracicaba,BRA,319104
Blumenau,BRA,244379
Passos,BRA,98570
ItaboraÃ­,BRA,173977
Angra dos Reis,BRA,96864
JaÃº,BRA,109965
Santana do Livramento,BRA,91779
Olinda,BRA,354732
Osasco,BRA,659604
Moji das Cruzes,BRA,339194
ParnaÃ­ba,BRA,129756
MarÃ­lia,BRA,188691
Americana,BRA,177409
Guarulhos,BRA,1095874
JoÃ£o Pessoa,BRA,584029
Aracaju,BRA,445555
Barretos,BRA,104156
Fortaleza,BRA,2097757
VitÃ³ria de Santo AntÃ£o,BRA,113595
Barra do PiraÃ­,BRA,89388
Atibaia,BRA,100356
Duque de Caxias,BRA,746758
Bacabal,BRA,93121
Cachoeiro de Itapemirim,BRA,155024
Itabuna,BRA,182148
Ourinhos,BRA,96291
Uruguaiana,BRA,126305
Queimados,BRA,115020
DivinÃ³polis,BRA,185047
Ferraz de Vasconcelos,BRA,139283
Dourados,BRA,164716
Cascavel,BRA,237510
Pinhais,BRA,98198
LuziÃ¢nia,BRA,125597
Ãguas Lindas de GoiÃ¡s,BRA,89200
Barueri,BRA,208426
Patos,BRA,90519
Sorocaba,BRA,466823
Betim,BRA,302108
Bauru,BRA,313670
Itapetininga,BRA,119391
Uberaba,BRA,249225
Catanduva,BRA,107761
ChapecÃ³,BRA,144158
SÃ£o Caetano do Sul,BRA,133321
MarabÃ¡,BRA,167795
Porto Alegre,BRA,1314032
UberlÃ¢ndia,BRA,487222
AnÃ¡polis,BRA,282197
TaubatÃ©,BRA,229130
MagÃ©,BRA,196147
AraÃ§atuba,BRA,169303
PHL,Bacolod,429076
ESP,Badalona,209635
CMR,Bafoussam,131000
PHL,Bago,141721
PHL,Baguio,252386
ARG,BahÃ­a Blanca,239810
KIR,Bairiki,2226
IDN,Balikpapan,338752
IND,Bally,184474
CMR,Bamenda,138000
IDN,Banda Aceh,143409
IND,Bangalore,2660088
EGY,Banha,145792
GMB,Banjul,42326
IND,Bansberia,93447
CHN,Baoding,483155
CHN,Baoji,337765
ESP,Barakaldo,98212
IND,Barasat,107365
BRA,Barbacena,113079
ITA,Barletta,91904
BRA,Barra Mansa,168953
IND,Barrackpur,133265
COL,Barrancabermeja,178020
IND,Basirhat,101409
GLP,Basse-Terre,12433
KHM,Battambang,129800
GEO,Batumi,137700
PHL,Baybay,95630
ISR,Beerseba,163700
CHN,Beihai,112673
CHN,Beipiao,194301
BRA,Belford Roxo,425194
BLZ,Belize City,55810
IND,Bellary,245391
CHN,Bengbu,449245
BRA,Bento GonÃ§alves,89254
CHN,Benxi,770000
JPN,Beppu,127486
ARG,Berazategui,276916
IND,Bhagalpur,253225
IND,Bharuch (Broach),133102
IND,Bhatinda (Bathinda),159042
IND,Bhatpara,304952
IND,Bhavnagar,402338
IND,Bhilwara,183965
IND,Bhimavaram,121314
IND,Bhind,109755
IND,Bhiwandi,379070
IND,Bhopal,1062771
IND,Bhubaneswar,411542
IND,Bidar,108016
KIR,Bikenibeu,5055
ESP,Bilbao,357589
IDN,Binjai,127222
CHN,Binzhou,133555
GBR,Birkenhead,93087
GBR,Birmingham,1013000
DZA,Biskra,128281
PHL,BiÃ±an,201186
GBR,Blackpool,151000
DZA,Blida (el-Boulaida),127284
BRA,Boa Vista,167185
BGD,Bogra,120170
IRN,Bojnurd,134835
IND,Bokaro Steel City,333683
COD,Boma,135284
CHN,Bose,93009
GBR,Bournemouth,162000
ZAF,Brakpan,171363
CAN,Brampton,296711
BRA,BrasÃ­lia,1969868
NLD,Breda,160398
ITA,Brindisi,93454
GBR,Bristol,402000
BEL,Brugge,116246
COL,Bucaramanga,515555
IND,Budaun,116695
IRN,Bukan,120020
COD,Bukavu,201569
EGY,Bulaq al-Dakrur,148787
ESP,Burgos,162802
CAN,Burlington,145150
PHL,Butuan,267279
Scarborough,CAN,594501
Saskatoon,CAN,193647
MontrÃ©al,CAN,1016376
Richmond,CAN,148867
London,CAN,339917
Richmond Hill,CAN,116428
Delta,CAN,95411
North York,CAN,622632
Surrey,CAN,304477
Oakville,CAN,139192
Burnaby,CAN,179209
Coquitlam,CAN,101820
East York,CAN,114034
Gloucester,CAN,107314
West Island,CCK,167
Bern,CHE,122700
ZÃ¼rich,CHE,336800
Arica,CHL,189036
Osorno,CHL,141468
ValparaÃ­so,CHL,293800
Iquique,CHL,177892
San Bernardo,CHL,241910
CuricÃ³,CHL,115766
Valdivia,CHL,133106
San Pedro de la Paz,CHL,91684
Dongying,CHN,281728
Weihai,CHN,128888
Tieli,CHN,265683
Xiaoshan,CHN,162930
Chaozhou,CHN,313469
Langfang,CHN,148105
Chengde,CHN,246799
Qiqihar,CHN,1070000
YaÂ´an,CHN,95900
Anyang,CHN,420332
Taiyuan,CHN,1968400
Wuxi,CHN,830000
Hami,CHN,161315
Changji,CHN,132260
Xianning,CHN,136811
Taizhou,CHN,152442
Jiaonan,CHN,121397
Haicheng,CHN,205560
Liaoyang,CHN,492559
Xinxiang,CHN,473762
Cangzhou,CHN,242708
Wuhan,CHN,4344600
Nanchang,CHN,1691600
Chifeng,CHN,350077
Hegang,CHN,520000
Laohekou,CHN,123366
Xinzhou,CHN,98667
Yanji,CHN,230892
Acheng,CHN,197595
Xining,CHN,700200
Pingyi,CHN,89373
Yantai,CHN,452127
Panjin,CHN,362773
Yulin,CHN,144467
Longjing,CHN,139417
RuiÂ´an,CHN,156468
Jiangyou,CHN,175753
Wuzhou,CHN,210452
YanÂ´an,CHN,113277
Tiefa,CHN,131807
Yichun,CHN,800000
Changde,CHN,301276
Daqing,CHN,660000
Chenzhou,CHN,169400
Honghu,CHN,190772
Jinan,CHN,2278100
Puqi,CHN,117264
Jiangyin,CHN,213659
Wuwei,CHN,133101
Fujin,CHN,103104
Hailun,CHN,133565
Haining,CHN,100478
Quzhou,CHN,112373
Zhaoqing,CHN,194784
Yizheng,CHN,109268
Kaiyuan,CHN,124219
Suizhou,CHN,142302
Qidong,CHN,126872
Yinchuan,CHN,544500
Leshan,CHN,341128
Suqian,CHN,105021
Foshan,CHN,303160
Zhuzhou,CHN,409924
Mianyang,CHN,262947
Yakeshi,CHN,377869
Anshan,CHN,1200000
Quanzhou,CHN,185154
Suihua,CHN,227881
Enshi,CHN,93056
Shangzi,CHN,215373
Ghulja,CHN,177193
Wuhu,CHN,425740
Wafangdian,CHN,251733
XiÂ´an,CHN,2761400
Huangshan,CHN,102628
Neijiang,CHN,256012
Ningbo,CHN,1371200
Changshu,CHN,181805
Xinyang,CHN,192509
Zhuhai,CHN,164747
BeiÂ´an,CHN,204899
Ulanhot,CHN,159538
Fuyang,CHN,179572
Nanchong,CHN,180273
Zhangjiang,CHN,400997
Manzhouli,CHN,120023
Taonan,CHN,150168
Linfen,CHN,187309
Yuncheng,CHN,108359
Tumen,CHN,91471
Shantou,CHN,580000
Shanghai,CHN,9696300
Ganzhou,CHN,220129
Huaibei,CHN,366549
Bozhou,CHN,106346
Liaoyuan,CHN,354141
Kanton [Guangzhou],CHN,4256300
Xilin Hot,CHN,90646
Baotou,CHN,980000
Jingdezhen,CHN,281183
Renqiu,CHN,114256
Jincheng,CHN,136396
Fuling,CHN,173878
Siping,CHN,317223
Yamoussoukro,CIV,130000
Douala,CMR,1448300
Maroua,CMR,143000
Tshikapa,COD,180860
Goma,COD,109094
Mwene-Ditu,COD,137459
Mbuji-Mayi,COD,806475
Kananga,COD,393030
Brazzaville,COG,950000
Cali,COL,2077386
Valledupar,COL,263247
Armenia,COL,288977
Cartagena,COL,805757
Buenaventura,COL,224336
Bello,COL,333470
Envigado,COL,135848
Pereira,COL,381725
Sogamoso,COL,107728
PopayÃ¡n,COL,200719
Buga,COL,110699
Praia,CPV,94800
Ciego de Ãvila,CUB,98505
Victoria de las Tunas,CUB,132350
CamagÃ¼ey,CUB,298726
Pinar del RÃ­o,CUB,142100
George Town,CYM,19600
Olomouc,CZE,102702
Hradec KrÃ¡lovÃ©,CZE,98080
Praha,CZE,1181126
PHL,Cabuyao,106630
ITA,Cagliari,165926
PHL,Calapan,105910
PHL,Calbayog,147187
CAN,Calgary,768082
BRA,Camaragibe,118968
BRA,CamaÃ§ari,149146
BRA,CametÃ¡,92779
BRA,Campina Grande,352497
BRA,Campinas,950043
BRA,Campo Grande,649593
AUS,Canberra,322723
BRA,Canoas,294125
ZAF,Cape Town,2352121
BRA,Cariacica,319033
COL,Cartago,125884
BRA,Caruaru,244247
ITA,Catania,337862
PHL,Cauayan,103952
BRA,Caucaia,238738
PHL,Cavite,99367
AUS,Central Coast,227657
ITA,Cesena,89852
IND,Chandigarh,504094
IND,Chandrapur,226105
CHN,Changzhi,317144
CHN,Changzhou,530000
IND,Chapra,136877
BEL,Charleroi,200827
GBR,Chelmsford,97451
GBR,Cheltenham,106000
CHN,Chengdu,3361500
IND,Chennai (Madras),3841396
IND,Chhindwara,93731
JPN,Chofu,201585
CHN,Chongqing,6351600
IDN,Cibinong,101300
IDN,Cilegon,117000
IDN,Cimahi,344600
IDN,Cimanggis,205100
IDN,Ciputat,270800
IDN,Citeureup,105100
GTM,Ciudad de Guatemala,823301
CHN,Cixi,107329
IND,Cochin (Kochi),564589
IND,Coimbatore,816321
GIN,Conakry,1090610
PHL,Concepcion,115171
CHL,ConcepciÃ³n,217664
ARG,Concordia,116485
BRA,Conselheiro Lafaiete,97507
DZA,Constantine,443727
BRA,Contagem,520801
CHL,CopiapÃ³,120128
BRA,CorumbÃ¡,90111
PHL,Cotabato,163849
BRA,Cotia,140042
BRA,CriciÃºma,167661
BRA,CubatÃ£o,102372
BRA,CuiabÃ¡,453813
BRA,Curitiba,1584232
ARG,CÃ³rdoba,1157507
COL,CÃºcuta,606932
Witten,DEU,103384
Leipzig,DEU,489532
Bremen,DEU,540330
Oberhausen,DEU,222349
SaarbrÃ¼cken,DEU,183836
Ludwigshafen am Rhein,DEU,163771
GÃ¶ttingen,DEU,124775
MÃ¼nster,DEU,264670
MÃ¼lheim an der Ruhr,DEU,173895
DÃ¼ren,DEU,91092
Heidelberg,DEU,139672
Offenbach am Main,DEU,116627
Freiburg im Breisgau,DEU,202455
Gera,DEU,114718
Moers,DEU,106837
Augsburg,DEU,254867
Kaiserslautern,DEU,100025
Essen,DEU,599515
Potsdam,DEU,128983
GÃ¼tersloh,DEU,95028
FÃ¼rth,DEU,109771
Krefeld,DEU,241769
Munich [MÃ¼nchen],DEU,1194560
Bottrop,DEU,121097
Bonn,DEU,301048
Wuppertal,DEU,368993
Djibouti,DJI,383000
Aalborg,DNK,161161
KÃ¸benhavn,DNK,495699
Santiago de los Caballeros,DOM,365463
San Felipe de Puerto Plata,DOM,89423
Batna,DZA,183377
BÃ©char,DZA,107311
Skikda,DZA,128747
Alger,DZA,2168000
Mostaganem,DZA,115212
PHL,Dagupan,130328
JPN,Daito,130594
CHN,Dali,136554
CHN,Dalian,2697000
EGY,Damanhur,212203
PHL,Daraga (Locsin),101031
PHL,DasmariÃ±as,379520
PHL,Davao,1147116
CHN,DaÂ´an,138963
NLD,Delft,95268
IDN,Denpasar,435000
CHN,Deyang,182488
IRN,Dezful,202639
CHN,Dezhou,195485
BRA,Diadema,335078
IND,Dibrugarh,120127
PHL,Digos,125171
BGD,Dinajpur,127815
IND,Dindigul,182477
PHL,Dipolog,99862
ETH,Dire Dawa,164851
BGR,Dobric,100399
CHN,Dongtai,192247
CHN,Dongwan,308669
ESP,Donostia-San SebastiÃ¡n,179208
NLD,Dordrecht,119811
ESP,Dos Hermanas,94591
COL,Dos Quebradas,159363
ARE,Dubai,669181
IRL,Dublin,481854
CHN,Dujiangyan,123357
GBR,Dundee,146690
IND,Durg,150645
CHN,Duyun,132971
Ambato,ECU,169612
RÃ­obamba,ECU,123163
Cuenca,ECU,270353
Ibarra,ECU,130643
Disuq,EGY,91300
Shibin al-Kawm,EGY,159909
Mit Ghamr,EGY,101801
Kafr al-Dawwar,EGY,231978
Zagazig,EGY,267351
Alexandria,EGY,3328196
Jirja,EGY,95400
al-Mansura,EGY,369621
Suez,EGY,417610
Kafr al-Shaykh,EGY,124819
Bani Suwayf,EGY,172032
Ourense (Orense),ESP,109120
Badajoz,ESP,136613
Granada,ESP,244767
Albacete,ESP,147527
Palma de Mallorca,ESP,326993
Jerez de la Frontera,ESP,182660
LeganÃ©s,ESP,173163
Santa Cruz de Tenerife,ESP,213050
TorrejÃ³n de Ardoz,ESP,92262
Valencia,ESP,739412
Terrassa,ESP,168695
Elche [Elx],ESP,193174
Santa Coloma de Gramenet,ESP,120802
Marbella,ESP,101144
Vigo,ESP,283670
MÃ¡laga,ESP,530553
AlcorcÃ³n,ESP,142048
Tallinn,EST,403981
Dese,ETH,97314
Addis Abeba,ETH,2495000
GBR,Eastbourne,90000
JPN,Ebetsu,118805
DZA,Ech-Chleff (el-Asnam),96794
NLD,Ede,101574
GBR,Edinburgh,450180
CAN,Edmonton,616306
NLD,Eindhoven,201843
NLD,Enschede,149544
IRN,Eslamshahr,265450
ECU,Esmeraldas,123045
IND,Etawah,124072
BRA,EunÃ¡polis,96610
CHN,Ezhou,190123
Oulu,FIN,120753
Tampere,FIN,195468
Stanley,FLK,1636
Lille,FRA,184657
Caen,FRA,113987
Roubaix,FRA,96984
Villeurbanne,FRA,124215
Nantes,FRA,270251
Marseille,FRA,798430
Grenoble,FRA,153317
Bordeaux,FRA,215363
Le Mans,FRA,146105
Aix-en-Provence,FRA,134222
Boulogne-Billancourt,FRA,106367
Weno,FSM,22000
ASM,Fagatogo,2323
IND,Faizabad,124437
IND,Faridabad,703592
IND,Farrukhabad-cum-Fatehgarh,194567
BRA,Feira de Santana,479992
CHN,Fengcheng,193784
ITA,Ferrara,132127
ITA,Firenze,376662
IND,Firozabad,215128
COL,Florencia,108574
BRA,FlorianÃ³polis,281928
COL,Floridablanca,221913
ARG,Formosa,147636
BWA,Francistown,101805
JPN,Fuchu,220576
ESP,Fuenlabrada,171173
JPN,Fujieda,126897
JPN,Fujisawa,372840
CHN,Fushun,1200000
CHN,Fuxin,640000
CHN,Fuzhou,1593800
Watford,GBR,113080
Maidstone,GBR,90878
Dudley,GBR,192171
Sutton Coldfield,GBR,106001
Coventry,GBR,304000
Swansea,GBR,230000
Sunderland,GBR,183310
Douglas,GBR,23487
Exeter,GBR,111000
Huddersfield,GBR,143726
Rochdale,GBR,94313
Reading,GBR,148000
Blackburn,GBR,140000
Liverpool,GBR,461000
Halifax,GBR,91069
Crawley,GBR,97000
Belfast,GBR,287500
Basildon,GBR,100924
Walsall,GBR,174739
Brighton,GBR,156124
Stockport,GBR,132813
Manchester,GBR,430000
Stoke-on-Trent,GBR,252000
Rustavi,GEO,155400
Accra,GHA,1070000
Sekondi-Takoradi,GHA,103653
Serekunda,GMB,102600
Malabo,GNQ,40000
Peristerion,GRC,137288
Larisa,GRC,113090
Athenai,GRC,772072
Nuuk,GRL,13445
Villa Nueva,GTM,101295
Cayenne,GUF,50699
AgaÃ±a,GUM,1139
Georgetown,GUY,254000
BWA,Gaborone,213017
IND,Gadag Betigeri,134051
IND,Gandhidham,104585
IND,Ganganagar,161482
IDN,Garut,95800
IND,Gaya,291675
BGD,Gazipur,96717
AUS,Geelong,125382
PHL,General Mariano Alvarez,112446
BEL,Gent,224180
ZAF,George,93818
ESP,Getafe,145371
GIB,Gibraltar,27025
JPN,Gifu,408007
ESP,GijÃ³n,267980
GBR,Gillingham,92000
COL,Giron,90688
EGY,Giza,2221868
ARM,Gjumri,211700
GBR,Gloucester,107000
BRA,GoiÃ¢nia,1056330
IRN,Gonbad-e Qabus,111253
CHN,Gongziling,226569
IND,Gorakhpur,505566
IRN,Gorgan,188710
AUT,Graz,240967
GBR,Grimsby,89000
BRA,Guarapuava,160510
BRA,GuaratinguetÃ¡,103433
BRA,GuarujÃ¡,237206
ECU,Guayaquil,2070040
ARG,GuaymallÃ©n,200595
BRA,GuaÃ­ba,92224
IND,Gudivada,101656
CAN,Guelph,103593
CHN,Guigang,114025
CHN,Guilin,364130
IND,Gulbarga,304099
IND,Guntur,471051
IND,Gurgaon,128608
AZE,GÃ¤ncÃ¤,299300
La Ceiba,HND,89200
Osijek,HRV,104761
Delmas,HTI,240429
Budapest,HUN,1811552
Szeged,HUN,158158
KecskemÃ©t,HUN,105606
NLD,Haarlem,148772
IND,Habra,100223
PRK,Haeju,229172
IND,Haldwani-cum-Kathgodam,104195
CAN,Halifax,113910
IND,Halisahar,114028
JPN,Hamamatsu,568796
PRK,Hamhung,709730
BMU,Hamilton,1200
CAN,Hamilton,335614
JPN,Handa,108600
CHN,Hangzhou,2190500
CHN,Hanzhong,169930
CHN,Harbin,4289800
IND,Hardwar (Haridwar),147305
IND,Hassan,90803
IND,Hazaribag,97712
CHN,Hebi,212976
CHN,Hefei,1369100
CHN,Hengshui,104269
CHN,Hengyang,487148
CHN,Heze,189293
JPN,Higashiosaka,517785
JPN,Himeji,475167
JPN,Hino,166770
JPN,Hirosaki,177522
JPN,Hiroshima,1119117
IND,Hisar (Hissar),172677
JPN,Hitachinaka,148006
YEM,Hodeida,298500
CHN,Hohhot,916700
CHN,Hongjiang,116188
BRA,HortolÃ¢ndia,135755
IND,Hospet,96322
CHN,Huaihua,126785
CHN,Huainan,700000
CHN,Huaiyin,239675
CHN,HuaiÂ´an,131149
AGO,Huambo,163100
CHN,Huangshi,457601
CHN,Huangyan,89288
ESP,Huelva,140583
IND,Hugli-Chinsurah,151806
CHN,Huizhou,161023
ARG,Hurlingham,170028
CHN,Huzhou,218071
PRK,Hyesan,178020
Cilacap,IDN,206900
Pasuruan,IDN,134019
Batam,IDN,91871
Kendari,IDN,94800
Banjarmasin,IDN,482931
Kediri,IDN,253760
Percut Sei Tuan,IDN,129000
Bogor,IDN,285114
Bengkulu,IDN,146439
Pontianak,IDN,409632
Ciomas,IDN,187400
Mojokerto,IDN,96626
Depok,IDN,365200
Salatiga,IDN,103000
Semarang,IDN,1104405
Pangkal Pinang,IDN,124000
Bekasi,IDN,644300
Medan,IDN,1843919
Serang,IDN,122400
Banyuwangi,IDN,89900
Mataram,IDN,306600
Majalaya,IDN,93200
Ciparay,IDN,111500
Rajapalaiyam,IND,114202
Lucknow,IND,1619115
Bhilai,IND,386159
Cuddapah,IND,121463
Hindupur,IND,104651
Jalandhar (Jullundur),IND,509510
Maunath Bhanjan,IND,136697
Agartala,IND,157358
Abohar,IND,107163
Ahmedabad,IND,2876710
Anantapur,IND,174924
Delhi Cantonment,IND,94326
Gwalior,IND,690765
Parbhani,IND,190255
Jhansi,IND,300850
Asansol,IND,262188
Bahraich,IND,135400
Bikaner,IND,416289
Modinagar,IND,101660
Berhampore (Baharampur),IND,115144
Brahmapur,IND,210418
Mango,IND,110024
Midnapore (Medinipur),IND,125498
Ghaziabad,IND,454156
Mahbubnagar,IND,116833
Godhra,IND,96813
Kanchipuram,IND,150100
Sasaram,IND,98220
Morena,IND,147124
Satara,IND,95133
Shillong,IND,131719
Latur,IND,197408
Mirzapur-cum-Vindhyachal,IND,169336
Purulia,IND,92574
Kukatpalle,IND,185378
Surendranagar,IND,105973
Haora (Howrah),IND,950435
Tiruvannamalai,IND,109196
Gandhinagar,IND,123359
Champdani,IND,98818
Allahabad,IND,792858
Unnao,IND,107425
Ambattur,IND,215424
Vellore,IND,175061
Kota,IND,537371
Ongole,IND,100836
New Bombay,IND,307297
Jaipur,IND,1458483
Nizamabad,IND,241034
Erode,IND,159232
Bhir (Bid),IND,112434
Bulandshahr,IND,127201
Vadodara (Baroda),IND,1031346
Rampur,IND,243742
Salem,IND,366712
Tenali,IND,143726
Durgapur,IND,425836
Cuddalore,IND,153086
Kumbakonam,IND,139483
Dhule (Dhulia),IND,278317
Amritsar,IND,708835
Darbhanga,IND,218391
Jamnagar,IND,341637
Moga,IND,108304
Bharatpur,IND,148519
Achalpur,IND,96216
Murwara (Katni),IND,163431
Kurnool,IND,236800
Rae Bareli,IND,129904
Solapur (Sholapur),IND,604215
Dehra Dun,IND,270159
Puri,IND,125199
South Dum Dum,IND,232811
Chandannagar,IND,120378
Calcutta [Kolkata],IND,4399819
Guwahati (Gauhati),IND,584342
Hoshiarpur,IND,122705
Raiganj,IND,151045
Burhanpur,IND,172710
Ajmer,IND,402700
Bilaspur,IND,179833
Chittoor,IND,133462
Wardha,IND,102985
Bihar Sharif,IND,201323
Rajahmundry,IND,324851
Korba,IND,124501
Bhusawal,IND,145143
Kanpur Cantonment,IND,93109
Lalbahadur Nagar,IND,155500
Haldia,IND,100347
Balurghat,IND,119796
Avadi,IND,183215
Morvi,IND,90357
Aligarh,IND,480520
Serampore,IND,137028
Agra,IND,891790
Jammu,IND,214737
Kerman,IRN,384991
Abadan,IRN,206073
Ilam,IRN,126346
Bandar-e-Abbas,IRN,273578
Varamin,IRN,107233
Khomeynishahr,IRN,165888
Saqqez,IRN,115394
Ahvaz,IRN,804980
Bandar-e Anzali,IRN,98500
Babol,IRN,158346
Sari,IRN,195882
Qazvin,IRN,291117
Qaemshahr,IRN,143286
Tabriz,IRN,1191043
Sirjan,IRN,135024
Qomsheh,IRN,89800
Zahedan,IRN,419518
Shahrud,IRN,104765
Torbat-e Heydariyeh,IRN,94600
Basra,IRQ,406296
al-Diwaniya,IRQ,196519
Karbala,IRQ,296705
Baghdad,IRQ,4336000
Baquba,IRQ,114516
ReykjavÃ­k,ISL,109184
Rehovot,ISR,90300
Bene Beraq,ISR,133900
Petah Tiqwa,ISR,159400
Rishon Le Ziyyon,ISR,188200
Torino,ITA,903705
Parma,ITA,168717
Sassari,ITA,120803
Ravenna,ITA,138418
Trieste,ITA,216459
Venezia,ITA,277305
Foggia,ITA,154891
ForlÃ¬,ITA,107475
Bologna,ITA,381161
Alessandria,ITA,90289
Piacenza,ITA,98384
Pisa,ITA,92379
Reggio di Calabria,ITA,179617
Pescara,ITA,115698
Catanzaro,ITA,96700
Torre del Greco,ITA,94505
JPN,Ibaraki,261020
BRA,IbiritÃ©,125982
JPN,Ichikawa,441893
EGY,Idfu,94200
JPN,Iida,107583
BRA,IlhÃ©us,254970
PHL,Iligan,285061
JPN,Imabari,119357
BRA,Imperatriz,224564
JPN,Inazawa,98746
BRA,Indaiatuba,135968
IND,Indore,1091674
IND,Ingraj Bazar (English Bazar),139204
AUT,Innsbruck,111752
GBR,Ipswich,114000
IRQ,Irbil,485968
JPN,Isahaya,93058
JPN,Ise,101732
JPN,Isesaki,123285
JPN,Ishinomaki,120963
COL,ItagÃ¼Ã­,228985
JPN,Itami,190886
BRA,Itu,132736
BRA,Ituiutaba,90507
Kingston,JAM,103962
al-Rusayfa,JOR,137247
Ikoma,JPN,111645
Matsusaka,JPN,123582
Shimonoseki,JPN,257263
Kawagoe,JPN,327211
Ota,JPN,145317
Tsukuba,JPN,160768
Minoo,JPN,127026
Nagaoka,JPN,192407
Tondabayashi,JPN,125094
Yamato,JPN,208234
Izumi,JPN,166979
Akashi,JPN,292253
Takamatsu,JPN,332471
Ichihara,JPN,279280
Niigata,JPN,497464
Kamagaya,JPN,100821
Koshigaya,JPN,301446
Kasukabe,JPN,201838
Urayasu,JPN,127550
Fukuyama,JPN,376921
Isehara,JPN,98123
Kawachinagano,JPN,119666
Funabashi,JPN,545299
Mishima,JPN,109699
Joetsu,JPN,133505
Atsugi,JPN,212407
Kashiwa,JPN,320296
Oyama,JPN,152820
Komatsu,JPN,107937
Saga,JPN,170034
Suzuka,JPN,184061
Nagano,JPN,361391
Kanazawa,JPN,455386
Yokosuka,JPN,430200
Ebina,JPN,115571
Takaoka,JPN,174380
Chiba,JPN,863930
Morioka,JPN,287353
Urasoe,JPN,96002
Jokohama [Yokohama],JPN,3339594
Kawanishi,JPN,149794
Toda,JPN,103969
Kimitsu,JPN,93216
Kokubunji,JPN,106996
Kadoma,JPN,138953
Kusatsu,JPN,106232
Kakamigahara,JPN,131831
Fukaya,JPN,102156
Okayama,JPN,624269
Tokushima,JPN,269649
Urawa,JPN,469675
Nara,JPN,362812
Takasaki,JPN,239124
Moriguchi,JPN,155941
Hiratsuka,JPN,254207
Utsunomiya,JPN,440353
Kofu,JPN,199753
Nishio,JPN,100032
Kameoka,JPN,92398
Noda,JPN,121030
Habikino,JPN,118968
Kioto,JPN,1461974
Kiryu,JPN,118326
Kawasaki,JPN,1217359
Fuji,JPN,231527
Kashiwazaki,JPN,91229
Nishinomiya,JPN,397618
Maizuru,JPN,94784
Ashikaga,JPN,165243
Yonago,JPN,136461
Tottori,JPN,147523
BRA,JaboatÃ£o dos Guararapes,558680
BRA,Jacobina,96131
IRN,Jahrom,94200
IDN,Jakarta,9604900
IND,Jalgaon,242193
IND,Jalna,174985
BRA,JaraguÃ¡ do Sul,102580
IND,Jaunpur,136062
IDN,Jaya Pura,94700
BRA,JequiÃ©,179128
ISR,Jerusalem,633700
BGD,Jessore,139710
CHN,Jiangmen,230587
CHN,Jiaohe,176367
CHN,Jiaozuo,409100
CHN,Jieyang,98531
CHN,Jilin,1040000
CHN,Jinchang,105287
CHN,Jinhua,144280
CHN,Jining,265248
CHN,Jinmen,160794
CHN,Jinzhou,570000
CHN,Jiutai,180130
CHN,JiÂ´an,148583
IND,Jodhpur,666279
IDN,Jombang,92600
ARG,JosÃ© C. Paz,221754
BRA,Juazeiro do Norte,199636
CHN,Junan,90222
BRA,JundÃ­aÃ­,296127
Zhezqazghan,KAZ,90000
Ekibastuz,KAZ,127200
Shymkent,KAZ,360100
Qyzylorda,KAZ,157400
Qostanay,KAZ,221400
Pavlodar,KAZ,300500
Kisumu,KEN,192733
Meru,KEN,94947
Osh,KGZ,222700
Chonju,KOR,563153
Miryang,KOR,121501
Chong-up,KOR,139111
Seoul,KOR,9981619
Iksan,KOR,322685
Kimchon,KOR,147027
Ansan,KOR,510314
Kyongju,KOR,272968
Yongchon,KOR,113511
Chinhae,KOR,125997
Taejon,KOR,1425835
Kwangmyong,KOR,350914
Yosu,KOR,183596
Wonju,KOR,237460
Yangsan,KOR,163351
Songnam,KOR,869094
Tong-yong,KOR,131717
Kimhae,KOR,256370
Namyangju,KOR,229060
Namwon,KOR,103544
Kuwait,KWT,28859
PHL,Kabankalan,149769
AFG,Kabul,1780000
CHN,Kaifeng,510000
JPN,Kakogawa,266281
COD,Kalemie,101309
IND,Kalyan,1014557
JPN,Kamakura,167661
IND,Kamarhati,266889
IND,Kanchrapara,100194
IND,Kanpur,1874409
JPN,Kanuma,93053
IDN,Karawang,145000
JPN,Kasugai,282348
JPN,Kawaguchi,452155
CAN,Kelowna,89442
IRN,Kermanshah,692986
IND,Khandwa,145133
IND,Kharagpur,177989
IRN,Khorramabad,272815
IRN,Khoy,148944
BGD,Khulna,663340
ZAF,Kimberley,197254
GBR,Kingston upon Hull,262000
COD,Kinshasa,5064000
JPN,Kishiwada,197276
JPN,Kitakyushu,1016264
JPN,Kitami,111295
CAN,Kitchener,189959
AUT,Klagenfurt,91141
JPN,Kobe,1425139
JPN,Koganei,110969
IND,Kolhapur,406370
COD,Kolwezi,417810
JPN,Komaki,139827
JPN,Konan,95521
JPN,Koriyama,330335
CHN,Korla,159344
BFA,Koudougou,105000
HKG,Kowloon and New Kowloon,1987996
GHA,Kumasi,385192
CHN,Kunming,1829500
IDN,Kupang,129300
JPN,Kurashiki,425103
JPN,Kure,206504
JPN,Kushiro,197608
JPN,Kuwana,106121
KAZ,KÃ¶kshetau,123400
Savannakhet,LAO,96652
Monrovia,LBR,850000
Misrata,LBY,121669
Jaffna,LKA,149000
Colombo,LKA,645000
Vilnius,LTU,577969
Å iauliai,LTU,146563
Liepaja,LVA,89439
BOL,La Paz,758141
DOM,La Romana,140204
CHL,La Serena,137409
ITA,La Spezia,95504
CHN,Laizhou,198664
CHN,Lanzhou,1565800
ARG,LanÃºs,469735
PHL,Laoag,94466
ESP,Las Palmas de Gran Canaria,354757
ITA,Latina,114099
BRA,Lauro de Freitas,109236
HTI,Le-Cap-HaÃ¯tien,102233
ITA,Lecce,98208
GBR,Leeds,424194
PHL,Legazpi,157010
GBR,Leicester,294000
CHN,Leiyang,130115
CHN,Lengshuijiang,137994
GLP,Les Abymes,62947
ESP,LeÃ³n,139809
CHN,Lhasa,120000
IDN,Lhokseumawe,109600
CHN,Liangcheng,156307
CHN,Lianyuan,118858
CHN,Lianyungang,354139
COD,Likasi,299118
BRA,Linhares,106278
CHN,Linqing,123958
CHN,Linyi,324720
PHL,Lipa,218447
CHN,LiuÂ´an,144248
ITA,Livorno,161673
ESP,Lleida (LÃ©rida),112207
AGO,Lobito,130000
GBR,London,7285000
CHN,Longyan,134481
CHL,Los Angeles,158215
CHN,Loudi,128418
PHL,Lubao,125699
CHN,Luohe,126438
CHN,Luoyang,760000
GBR,Luton,183000
EGY,Luxor,360503
CHN,Luzhou,262892
Macao,MAC,437500
Tanger,MAR,521735
El Araich,MAR,90400
Beni-Mellal,MAR,140212
Ksar el Kebir,MAR,107065
Oujda,MAR,365382
Agadir,MAR,155244
Casablanca,MAR,2940623
Monaco-Ville,MCO,1234
Balti,MDA,153400
AntsirabÃ©,MDG,120239
Tlaquepaque,MEX,475472
Xalapa,MEX,390058
Chalco,MEX,222201
CuautitlÃ¡n Izcalli,MEX,452976
JuÃ¡rez,MEX,1217818
CuliacÃ¡n,MEX,744859
Salamanca,MEX,226864
San AndrÃ©s Tuxtla,MEX,142251
Guaymas,MEX,130108
Lagos de Moreno,MEX,127949
San Pedro Garza GarcÃ­a,MEX,126147
TonalÃ¡,MEX,336109
Macuspana,MEX,133795
Zamora,MEX,161191
Centro (Villahermosa),MEX,519873
Lerdo,MEX,112272
Chihuahua,MEX,670208
Navolato,MEX,145396
San Francisco del RincÃ³n,MEX,100149
MartÃ­nez de la Torre,MEX,118815
Puerto Vallarta,MEX,183741
Lerma,MEX,99714
Coatzacoalcos,MEX,267037
Los Cabos,MEX,105199
Cosoleacaque,MEX,97199
Metepec,MEX,194265
Zapopan,MEX,1002239
Delicias,MEX,116132
Cuautla,MEX,153132
Ahome,MEX,358663
Iguala de la Independencia,MEX,123883
Oaxaca de JuÃ¡rez,MEX,256848
Guadalupe,MEX,108881
Temapache,MEX,102824
Ecatepec de Morelos,MEX,1620303
Tampico,MEX,294789
LÃ¡zaro CÃ¡rdenas,MEX,170878
Boca del RÃ­o,MEX,135721
PÃ¡nuco,MEX,90551
Guasave,MEX,277201
OthÃ³n P. Blanco (Chetumal),MEX,208014
Reynosa,MEX,419776
Salvatierra,MEX,94322
San Felipe,MEX,95305
Toluca,MEX,665617
Soledad de Graciano SÃ¡nchez,MEX,179956
TecÃ¡mac,MEX,172410
Hermosillo,MEX,608697
Zinacantepec,MEX,121715
Bamako,MLI,809552
Myingyan,MMR,103600
Lashio (Lasho),MMR,107600
Pegu (Bago),MMR,190900
Sittwe (Akyab),MMR,137600
Tete,MOZ,101984
Maxixe,MOZ,93985
Chimoio,MOZ,171056
Matola,MOZ,424662
NouÃ¢dhibou,MRT,97600
Vacoas-Phoenix,MUS,98464
Blantyre,MWI,478155
Kelang,MYS,243355
Kuala Lumpur,MYS,1297526
Kota Bharu,MYS,219582
Alor Setar,MYS,124412
Kuching,MYS,148059
NLD,Maastricht,122087
BRA,MacapÃ¡,256033
BRA,MacaÃ©,125597
KEN,Machakos,116293
ECU,Machala,210368
IND,Machilipatnam (Masulipatam),159110
ESP,Madrid,2879052
JPN,Maebashi,284473
IDN,Magelang,123800
PHL,Makati,444867
PHL,Malabon,338855
IDN,Malang,716862
PHL,Malasiqui,113190
IRN,Malayer,144373
EGY,Mallawi,119283
BRA,Manaus,1255049
IND,Mandasor,95758
IND,Mandya,120265
ECU,Manta,164739
CHN,Maoming,178683
IRN,Maragheh,132318
BRA,MaringÃ¡,286461
CAN,Markham,189098
IRN,Marv Dasht,103579
IRN,Mashhad,1887405
COD,Matadi,172730
ESP,MatarÃ³,104095
IND,Mathura,226691
JPN,Matsubara,135010
JPN,Matsumoto,206801
JPN,Matsuyama,466133
BRA,MauÃ¡,375055
ZAF,Mdantsane,182639
COL,MedellÃ­n,1861265
IND,Meerut,753778
IND,Meerut Cantonment,94876
CHN,Meihekou,209038
CHN,Meixian,132156
ETH,Mekele,96938
AUS,Melbourne,2865329
CHL,Melipilla,91056
ITA,Messina,259156
ECU,Milagro,124177
ITA,Milano,1300977
IND,Miraj,125407
CHN,Mishan,132744
JPN,Mito,246559
JPN,Miyakonojo,133183
JPN,Mobara,91664
ITA,Modena,176022
BEL,Mons,90935
COL,MonterÃ­a,248245
ITA,Monza,119516
BRA,MossorÃ³,214901
IRQ,Mosul,879000
IND,Mumbai (Bombay),10500000
JPN,Musashino,134426
IND,Muzaffarnagar,240609
BGD,Mymensingh,188713
NoumÃ©a,NCL,76293
Sokoto,NGA,204900
Shaki,NGA,174500
Ejigbo,NGA,105900
Ila,NGA,264000
Lagos,NGA,1518000
Makurdi,NGA,123100
Kano,NGA,674100
Kaduna,NGA,342200
Enugu,NGA,316100
Akure,NGA,162300
Ikorodu,NGA,184900
Kumo,NGA,148000
Onitsha,NGA,371900
Awka,NGA,111200
Benin City,NGA,229400
Warri,NGA,126100
Epe,NGA,101000
Port Harcourt,NGA,410000
Ikare,NGA,140800
Masaya,NIC,88971
Managua,NIC,959000
Alkmaar,NLD,92713
Nijmegen,NLD,152463
Haarlemmermeer,NLD,110722
Arnhem,NLD,138020
Zwolle,NLD,105819
Amersfoort,NLD,126270
Groningen,NLD,172701
Haag,NLD,440900
Oslo,NOR,508726
BÃ¦rum,NOR,101340
Biratnagar,NPL,157764
Yangor,NRU,4050
North Shore,NZL,187700
Dunedin,NZL,119600
IND,Nadiad,167051
IND,Nagar Coil,190084
JPN,Nagoya,2154376
JPN,Naha,299851
KEN,Nairobi,2290000
IRN,Najafabad,178498
KEN,Nakuru,163927
IND,Nanded (Nander),275083
CHN,Nanking [Nanjing],2870300
CHN,Nanning,1161800
BGD,Naogaon,101266
IND,Nashik (Nasik),656925
BHS,Nassau,172000
PHL,Nasugbu,96113
IND,Navadwip,125037
PHL,Navotas,230403
IND,Navsari,126089
ETH,Nazret,127842
COL,Neiva,300052
IND,Nellore,316606
CAN,Nepean,115100
ISR,Netanya,154900
ARG,NeuquÃ©n,167296
GBR,Newport,139000
IND,Neyveli,118080
JPN,Niiza,147744
BRA,NilÃ³polis,153383
BRA,NiterÃ³i,459884
YUG,NiÅ¡,175391
IND,Noida,146514
IND,North Barrackpur,100513
IND,North Dum Dum,149965
GBR,Norwich,124000
GBR,Nottingham,287000
BRA,Nova Friburgo,170697
YUG,Novi Sad,179626
JPN,Numazu,211382
KEN,Nyeri,91258
Masqat,OMN,51969
Salala,OMN,131813
JPN,Obihiro,173685
JPN,Ogaki,151758
JPN,Oita,433401
JPN,Okinawa,117748
GBR,Oldbury/Smethwick (Warley),145542
PHL,Olongapo,194260
JPN,Omuta,142889
JPN,Onomichi,93756
IND,Orai,98640
KAZ,Oral,195500
DZA,Oran,609823
BOL,Oruro,223553
JPN,Osaka,2595674
JPN,Otaru,155784
CAN,Ottawa,335277
CHL,Ovalle,94854
ESP,Oviedo,200453
GBR,Oxford,144000
PHL,Ozamis,110420
Sukkur,PAK,329176
Bahawalnagar,PAK,109600
Rawalpindi,PAK,1406214
Tando Adam,PAK,103400
Chishtian Mandi,PAK,101700
Shikarpur,PAK,133300
Mingora,PAK,174500
Rahim Yar Khan,PAK,228479
Sargodha,PAK,455360
Ahmadpur East,PAK,96000
Gujrat,PAK,250121
Muzaffargarh,PAK,121600
Vihari,PAK,92300
Gujranwala,PAK,1124749
Dera Ghazi Khan,PAK,188100
Jhelum,PAK,145800
Adamstown,PCN,42
Puno,PER,101578
HuÃ¡nuco,PER,129688
Arequipa,PER,762000
Iquitos,PER,367000
Ica,PER,194820
Piura,PER,325000
Roxas,PHL,126352
Zamboanga,PHL,601794
Ligao,PHL,90603
Dumaguete,PHL,102265
Imus,PHL,195482
Santiago,PHL,110531
Santa Rosa,PHL,185633
Antipolo,PHL,470866
Cainta,PHL,242511
Malungon,PHL,93232
San Pablo,PHL,207927
Naga,PHL,137810
Mandaluyong,PHL,278474
Mabalacat,PHL,171045
Baliuag,PHL,119675
San Carlos,PHL,154264
Bacoor,PHL,305699
San Fernando,PHL,221857
ParaÃ±aque,PHL,449811
Marikina,PHL,391170
Sariaya,PHL,114568
Puerto Princesa,PHL,161912
Tanauan,PHL,117539
Malita,PHL,100000
Tabaco,PHL,107166
Kalookan,PHL,1177604
Bislig,PHL,97860
San Jose,PHL,108254
Valencia,PHL,147924
Iloilo,PHL,365820
Hagonoy,PHL,111425
Cadiz,PHL,141954
Marawi,PHL,131090
Malaybalay,PHL,123672
Midsayap,PHL,105760
Mandaue,PHL,259728
Kidapawan,PHL,101205
Sultan Kudarat,PHL,94861
Bayambang,PHL,96609
Koror,PLW,12000
Port Moresby,PNG,247000
ChorzÃ³w,POL,121708
Ruda Slaska,POL,159665
Opole,POL,129553
KrakÃ³w,POL,738150
Katowice,POL,345934
Slupsk,POL,102370
Legnica,POL,109335
Zabrze,POL,200177
Tychy,POL,133178
Gdansk,POL,458988
Gliwice,POL,212164
Gdynia,POL,253521
MayagÃ¼ez,PRI,98434
San Juan,PRI,434374
Caguas,PRI,140502
Kimchaek,PRK,179000
Nampo,PRK,566200
Phyongsong,PRK,272934
Amadora,PRT,122106
LambarÃ©,PRY,99681
Nablus,PSE,100231
ZAF,Paarl,105768
IDN,Padang,534474
IDN,Padang Sidempuan,91200
ITA,Padova,211391
IND,Palayankottai,97662
IDN,Palembang,1222764
ITA,Palermo,683794
IND,Palghat (Palakkad),123289
IND,Pallavaram,111866
BRA,Palmas,121919
ESP,Pamplona [IruÃ±a],180483
PHL,Panabo,133950
IND,Panihati,275990
IND,Panipat,215218
CHN,Panzhihua,415466
BRA,ParanaguÃ¡,126076
ARG,ParanÃ¡,207041
BRA,Parnamirim,96210
PHL,Pasay,354908
PHL,Pasig,505058
COL,Pasto,332396
IND,Patan,96109
IND,Patiala,238368
IND,Patna,917243
BRA,Patos de Minas,119262
BRA,Paulista,248473
IDN,Pekalongan,301504
IDN,Pekan Baru,438638
CHN,Peking,7472000
IDN,Pemalang,103500
IDN,Pematang Siantar,203056
ITA,Pesaro,88987
KAZ,Petropavl,203500
BRA,PetrÃ³polis,279183
KHM,Phnom Penh,570155
ZAF,Pietermaritzburg,370190
ARG,Pilar,113428
IND,Pilibhit,106605
BRA,Pindamonhangaba,121904
ZAF,Pinetown,378810
CHN,Pingdingshan,410775
CHN,Pingdu,150123
CHN,Pingliang,99265
CHN,Pingxiang,425579
BGR,Plovdiv,342584
YUG,Podgorica,135000
COG,Pointe-Noire,500000
IND,Pondicherry,203065
IDN,Pondok Aren,92700
IDN,Pondokgede,263200
BRA,Ponta Grossa,268013
GBR,Poole,141000
IND,Porbandar,116671
ZAF,Port Elizabeth,752319
HTI,Port-au-Prince,884472
JAM,Portmore,99799
BRA,Porto Velho,309750
BEN,Porto-Novo,194000
GBR,Portsmouth,190000
ZAF,Potchefstroom,101817
BRA,Pouso Alegre,100028
BRA,PoÃ§os de Caldas,129683
ZAF,Pretoria,658630
IDN,Probolinggo,120770
CHL,Puente Alto,386236
CHL,Puerto Montt,152194
IND,Pune,1566651
CHL,Punta Arenas,125631
IND,Purnea (Purnia),114912
IDN,Purwakarta,95900
KOR,Pusan,3804522
CHN,Putian,91030
CHN,Puyang,175988
PRK,Pyongyang,2484000
AFG,Qandahar,237500
IRN,Qarchak,142690
CHN,Qashqar,174570
CHN,Qianjiang,205504
EGY,Qina,171275
CHN,Qingyuan,164641
CHN,Qinhuangdao,364972
CHN,Qitaihe,214957
IRN,Qom,777677
GTM,Quetzaltenango,90801
ECU,Quevedo,129631
PHL,Quezon,2173831
IND,Qutubullapur,105380
CAN,QuÃ©bec,167264
Saint-Denis,REU,131480
Oradea,ROM,222239
Arad,ROM,184408
TÃ¢rgoviste,ROM,98980
Piatra Neamt,ROM,125070
Buzau,ROM,148372
Brasov,ROM,314225
Tulcea,ROM,96278
Cluj-Napoca,ROM,332498
Smolensk,RUS,353400
Vladivostok,RUS,606200
Komsomolsk-na-Amure,RUS,291600
NovotÅ¡erkassk,RUS,184400
Armavir,RUS,164900
Jakutsk,RUS,195400
Kyzyl,RUS,101100
Jessentuki,RUS,97900
Ufa,RUS,1091200
Å ahty,RUS,221800
Korolev,RUS,132400
Derbent,RUS,92300
Kaliningrad,RUS,424400
MytiÅ¡tÅ¡i,RUS,155700
Novomoskovsk,RUS,138100
TÅ¡erepovets,RUS,324400
Zukovski,RUS,96500
Kirov,RUS,466200
Surgut,RUS,274900
Saratov,RUS,874000
St Petersburg,RUS,4694000
Kiseljovsk,RUS,110000
AtÅ¡insk,RUS,121600
Niznevartovsk,RUS,233900
Ust-Ilimsk,RUS,105200
Velikije Luki,RUS,116300
Lipetsk,RUS,521000
IRN,Rafsanjan,98300
IND,Raigarh,89166
IND,Raipur,438639
IND,Raj Nandgaon,125371
IND,Ramagundam,214384
ISR,Ramat Gan,126900
IND,Ranchi,599306
BGD,Rangpur,191398
IRN,Rasht,417748
IND,Raurkela Civil Township,140408
ITA,Reggio nellÂ´ Emilia,143664
IND,Rewa,128981
BRA,RibeirÃ£o Pires,108121
BRA,RibeirÃ£o das Neves,232685
ITA,Rimini,131062
BRA,Rio Verde,107755
IND,Rishra,102649
CHN,Rizhao,185048
VGB,Road Town,8000
ITA,Roma,2643581
BRA,RondonÃ³polis,155115
ZAF,Roodepoort,279340
ARG,Rosario,907718
DMA,Roseau,16243
GBR,Rotherham,121380
KAZ,Rudnyy,109500
ARG,RÃ­o Cuarto,134355
al-Kharj,SAU,152100
AraÂ´ar,SAU,108100
Najran,SAU,91000
al-Mubarraz,SAU,219100
al-Tuqba,SAU,125700
Mekka,SAU,965700
al-Taif,SAU,416100
Port Sudan,SDN,308195
Wad Madani,SDN,211362
al-Fashir,SDN,141884
Omdurman,SDN,1271403
Saint-Louis,SEN,132400
ThiÃ¨s,SEN,248000
Jamestown,SHN,1500
Longyearbyen,SJM,1438
Honiara,SLB,50100
Soyapango,SLV,129800
Apopa,SLV,88800
San Marino,SMR,2294
KoÅ¡ice,SVK,241874
Maribor,SVN,115532
Gothenburg [GÃ¶teborg],SWE,466990
Lund,SWE,98948
Helsingborg,SWE,117737
LinkÃ¶ping,SWE,133168
Victoria,SYC,41000
Hims,SYR,507404
al-Qamishliya,SYR,144286
al-Raqqa,SYR,108020
CAN,Saanich,101388
ESP,Sabadell,184859
JPN,Sagamihara,586300
IND,Sagar,195346
IND,Saharanpur,374945
CAN,Saint Catharines,136216
BMU,Saint George,1800
JPN,Sakai,797735
JPN,Sakata,101651
JPN,Sakura,168072
ARG,Salta,367550
BRA,Salvador,2302832
IDN,Samarinda,399175
IND,Sambalpur,131138
IND,Sambhal,150869
PHL,San Carlos,118259
PHL,San Fernando,102082
ARG,San Fernando del Valle de Cata,134935
ARG,San Isidro,306341
PHL,San Jose,111009
PHL,San Mateo,135603
SLV,San Miguel,127696
ARG,San Miguel de TucumÃ¡n,470809
ARG,San NicolÃ¡s de los Arroyos,119302
PHL,San Pedro,231403
DOM,San Pedro de MacorÃ­s,124735
ARG,San Rafael,94651
SLV,San Salvador,415346
YEM,Sanaa,503600
JPN,Sanda,105643
CHN,Sanmenxia,120523
SLV,Santa Ana,139389
BRA,Santa BÃ¡rbara dÂ´Oeste,171657
PHL,Santa Cruz,92694
BRA,Santa Cruz do Sul,106734
BRA,Santa Luzia,164704
PHL,Santa Maria,144282
COL,Santa Marta,359147
BRA,Santa Rita,113135
BRA,SantarÃ©m,241771
CHL,Santiago de Chile,4703954
IND,Santipur,109956
ECU,Santo Domingo de los Colorados,202111
BRA,Santos,408748
CHN,Sanya,102820
BRA,Sapucaia do Sul,120217
BIH,Sarajevo,360000
PRK,Sariwon,254146
JPN,Sasebo,244240
IRN,Saveh,111245
JPN,Sayama,162472
IND,Secunderabad,167461
KAZ,Semey,269600
IRN,Semnan,91045
BRA,SertÃ£ozinho,98140
BRA,Sete Lagoas,182984
JPN,Seto,130470
ESP,Sevilla,701927
IND,Shambajinagar (Aurangabad),573272
CHN,Shanwei,107847
CHN,Shaoguan,350043
CHN,Shaowu,90286
CHN,Shaoyang,247227
CHN,Shashi,281352
CHN,Shenzhen,950500
CHN,Shihezi,299676
JPN,Shimizu,239123
IND,Shimoga,179258
IRN,Shiraz,1053025
CHN,Shishou,104571
IND,Shivapuri,108277
CHN,Shuangyashan,386081
EGY,Shubra al-Khayma,870716
IND,Sikar,148272
PHL,Silang,156137
PHL,Silay,107722
IND,Siliguri (Shiliguri),216950
PRK,Sinuiju,326011
BGD,Sirajganj,99669
IND,Sitapur,121842
BRA,Sobral,146005
JPN,Soka,222768
PHL,Sorsogon,92512
ZAF,Soshanguve,242727
AIA,South Hill,961
GBR,Southampton,216000
ZAF,Springs,162072
BGR,Stara Zagora,147939
BOL,Sucre,178426
CAN,Sudbury,92686
IDN,Sukabumi,125766
BRA,SumarÃ©,186205
IDN,Surabaya,2663820
PHL,Surigao,118534
FJI,Suva,77366
BRA,Suzano,195434
CHN,Suzhou,151862
GBR,Swindon,180000
BRA,SÃ£o Bernardo do Campo,723132
BRA,SÃ£o Carlos,187122
BRA,SÃ£o JosÃ© do Rio Preto,351944
BRA,SÃ£o JoÃ£o de Meriti,440052
BRA,SÃ£o LuÃ­s,837588
DZA,SÃ©tif,179055
Cockburn Town,TCA,4800
LomÃ©,TGO,375000
Hat Yai,THA,148632
Nakhon Ratchasima,THA,181400
Ubon Ratchathani,THA,116300
Khujand,TJK,161500
ChÃ¤rjew,TKM,189200
Port-of-Spain,TTO,43396
Sousse,TUN,145900
Sfax,TUN,257800
Alanya,TUR,117300
Kars,TUR,93000
Mersin (IÃ§el),TUR,587212
Sakarya (Adapazari),TUR,190641
Adana,TUR,1131198
Isparta,TUR,121911
Sivas,TUR,246642
Bismil,TUR,101400
Istanbul,TUR,8787958
Afyon,TUR,103984
Adiyaman,TUR,141529
Kayseri,TUR,475657
Malatya,TUR,330312
ElÃ¢zig,TUR,228815
Viransehir,TUR,106400
Aydin,TUR,128651
Izmit (Kocaeli),TUR,210068
Ã‡orum,TUR,145495
Chiayi,TWN,265109
Shulin,TWN,151260
Keelung (Chilung),TWN,385201
Kueishan,TWN,112195
Miaoli,TWN,90000
Tucheng,TWN,224897
Hualien,TWN,108407
Tainan,TWN,728060
Chungli,TWN,318649
Pingchen,TWN,188344
Tsaotun,TWN,96800
Fengyuan,TWN,161032
Morogoro,TZA,117800
Zanzibar,TZA,157634
BRA,TaboÃ£o da Serra,197550
JPN,Tachikawa,159430
PHL,Tacloban,178639
PHL,Taguig,467375
PHL,Tagum,179531
JPN,Tajimi,103171
JPN,Takasago,97632
JPN,Takatsuki,361747
PHL,Talavera,97329
CHL,Talca,187557
CHL,Talcahuano,277752
EGY,Talkha,97700
JPN,Tama,146712
GHA,Tamale,151069
BGD,Tangail,106004
IDN,Tanjung Pinang,89900
PHL,Tanza,110517
ITA,Taranto,208214
KAZ,Taraz,330100
ESP,Tarragona,113016
IDN,Tasikmalaya,179800
BRA,TatuÃ­,93897
PHL,Taytay,198183
GEO,Tbilisi,1235200
HND,Tegucigalpa,813900
IRN,Teheran,6758845
ISR,Tel Aviv-Jaffa,348100
CHL,Temuco,233041
BRA,Teresina,691942
BRA,TeresÃ³polis,128079
IND,Thiruvananthapuram (Trivandrum,524006
CAN,Thunder Bay,115913
CHN,Tianmen,186332
CHN,Tianshui,244974
DZA,Tiaret,100118
IND,Timkur,138903
IND,Tirupati,174369
IND,Tiruppur (Tirupper),235661
IND,Titagarh,114085
JPN,Tokai,99738
JPN,Tokorozawa,325809
BRA,Toledo,99387
CHN,Tongchuan,280657
CHN,Tongliao,255129
AUS,Townsville,109914
JPN,Toyama,325790
JPN,Toyohashi,360066
JPN,Toyonaka,396689
JPN,Toyota,346090
ITA,Trento,104906
ARG,Tres de Febrero,352311
JPN,Tsu,164543
JPN,Tsuruoka,100713
JPN,Tsuyama,91170
PHL,Tuguegarao,120645
COL,Tunja,109740
IND,Tuticorin,199854
DZA,TÃ©bessa,112007
FRO,TÃ³rshavn,14542
Dniprodzerzynsk,UKR,270000
TÅ¡erkasy,UKR,309000
Slovjansk,UKR,127000
Kostjantynivka,UKR,95000
Mykolajiv,UKR,508000
Vinnytsja,UKR,391000
Krasnyi LutÅ¡,UKR,101000
Å ostka,UKR,90000
TÅ¡ernivtsi,UKR,259000
Ternopil,UKR,236000
Berdjansk,UKR,130000
Odesa,UKR,1011000
Jevpatorija,UKR,112000
Kramatorsk,UKR,186000
Harkova [Harkiv],UKR,1500000
Simferopol,UKR,339000
Madison,USA,208054
Naperville,USA,128358
Long Beach,USA,461522
Visalia,USA,91762
Boston,USA,589141
Columbus,USA,186291
Macon,USA,113336
Pueblo,USA,102121
Raleigh,USA,276093
San Francisco,USA,776733
Odessa,USA,89293
Phoenix,USA,1321045
South Bend,USA,107789
Salem,USA,136924
Gilbert,USA,109697
Spokane,USA,195629
Roanoke,USA,93357
Anaheim,USA,328014
Brownsville,USA,139722
Lancaster,USA,118718
Columbia,USA,116278
Garden Grove,USA,165196
Livonia,USA,100545
Lakewood,USA,144126
Fort Worth,USA,534694
Metairie,USA,149428
Colorado Springs,USA,360890
Flint,USA,124943
Lubbock,USA,199564
Bakersfield,USA,247057
Norwalk,USA,103298
Concord,USA,121780
Springfield,USA,152082
Knoxville,USA,173890
Sunrise Manor,USA,95362
Lincoln,USA,225581
Salt Lake City,USA,181743
Oakland,USA,399484
Lowell,USA,105167
Namangan,UZB,370500
Olmalik,UZB,114900
Fargona,UZB,180500
JPN,Ube,175206
JPN,Ueda,124217
IND,Ujjain,362266
IDN,Ujung Pandang,1060257
IND,Uluberia,155172
ZAF,Umlazi,339233
NLD,Utrecht,234323
COD,Uvira,115590
Kingstown,VCT,17100
Barinas,VEN,217831
Ocumare del Tuy,VEN,97168
CarÃºpano,VEN,119639
Barcelona,VEN,322267
Caracas,VEN,1975294
Guarenas,VEN,165889
Hong Gai,VNM,127484
Cam Pha,VNM,209086
Hanoi,VNM,1410000
PHL,Valenzuela,485433
ESP,Valladolid,319998
IND,Valparai,106523
ARM,Vanadzor,172700
CAN,Vancouver,514008
ZAF,Vanderbijlpark,468931
IND,Varanasi (Benares),929270
BRA,Varginha,108314
BGR,Varna,299801
CAN,Vaughan,147889
BRA,ViamÃ£o,207557
ARG,Vicente LÃ³pez,288341
ITA,Vicenza,109738
IND,Vidisha,92917
BRA,Vila Velha,318758
COL,Villavicencio,273140
IND,Vishakhapatnam,752037
BRA,Votorantim,91777
BRA,VÃ¡rzea Grande,214435
JOR,Wadi al-Sir,89104
IND,Warangal,447657
ZAF,Welkom,203296
ANT,Willemstad,2345
CAN,Winnipeg,618477
ZAF,Witbank,167183
GBR,Woking/Byfleet,92000
GBR,Wolverhampton,242000
ZAF,Wonderboom,283289
GBR,Worcester,95000
GBR,Worthing,100000
CHN,Xiangtan,441968
CHN,Xiantao,222884
CHN,Xianyang,352125
CHN,Xiaogan,166280
CHN,Xichang,134419
CHN,Xingcheng,102384
CHN,Xinyu,173524
CHN,Xuchang,208815
CHN,Xuzhou,810000
Ibb,YEM,103300
Taizz,YEM,317600
Beograd,YUG,1204000
Kragujevac,YUG,147305
Prizren,YUG,92303
JPN,Yaizu,117258
JPN,Yamagata,255617
JPN,Yamaguchi,138210
IND,Yamuna Nagar,144346
CHN,Yancheng,296831
CHN,Yangjiang,215196
CHN,Yangquan,362268
CHN,Yangzhou,312892
JPN,Yao,276421
CMR,YaoundÃ©,1372800
JPN,Yatsushiro,107661
IND,Yeotmal (Yavatmal),108578
CHN,Yibin,241019
CHN,Yichang,371601
CHN,Yixing,200824
JPN,Yokkaichi,288173
JPN,Yonezawa,95592
CHN,YongÂ´an,111762
GBR,York,104425
CHN,Yueyang,302800
CHN,Yumen,109234
CHN,Yuyao,114065
CHN,Yuzhou,92889
Nigel,ZAF,96734
Klerksdorp,ZAF,261911
Chatsworth,ZAF,189885
Vereeniging,ZAF,328535
Randfontein,ZAF,120838
Botshabelo,ZAF,177971
Johannesburg,ZAF,756653
Durban,ZAF,566120
Germiston,ZAF,164252
Alberton,ZAF,410102
Randburg,ZAF,341288
East London,ZAF,221047
Kitwe,ZMB,288600
Luanshya,ZMB,118100
Mount Darwin,ZWE,164362
NLD,Zaanstad,135621
IRN,Zabol,100887
JPN,Zama,122046
IRN,Zanjan,286295
CHN,Zaoyang,162198
CHN,Zhangjiagang,97994
CHN,Zhangjiakou,530000
CHN,Zhangzhou,181424
CHN,Zhaodong,179976
CHN,Zhengzhou,2107200
CHN,Zhongshan,278829
CHN,Zhoukou,146288
CHN,Zhoushan,156317
CHN,Zhucheng,102134
CHN,Zhumadian,123232
CHN,Zigong,393184
CHN,Zixing,110048
NLD,Zoetermeer,110214
CHN,Zunyi,261862
ESP,[San CristÃ³bal de] la Laguna,127945
EGY,al-Arish,100447
EGY,al-Faiyum,260964
IRQ,al-Hilla,268834
EGY,al-Mahallat al-Kubra,395402
BHR,al-Manama,148000
IRQ,al-Nasiriya,265937
IRQ,al-Ramadi,192556
IRQ,al-Sulaymaniya,364096
JOR,al-Zarqa,389815
BGR,Å umen,94686
